ID,MoveID,MovePrettyName,ImageFilename
MARIO,UP_SMASH,Lead Headbutt,
MARIO,FORWARD_AERIAL,Meteor Knuckle,
MARIO,DOWN_AERIAL,Mario Tornado,MARIO___DOWN_AERIAL.jpg
MARIO,BACK_THROW,Airplane Swing,
MARIO,NEUTRAL_SPECIAL,Fireball,MARIO___NEUTRAL_SPECIAL.jpg
MARIO,SIDE_SPECIAL,Cape,MARIO___SIDE_SPECIAL.jpg
MARIO,UP_SPECIAL,Super Jump Punch,MARIO___UP_SPECIAL.jpg
MARIO,DOWN_SPECIAL,F.L.U.D.D.,MARIO___DOWN_SPECIAL.jpg
MARIO,FINAL_SMASH,Mario Finale,MARIO___FINAL_SMASH.jpg
LUIGI,UP_SMASH,Lead Headbutt,
LUIGI,NEUTRAL_AERIAL,Luigi Kick,
LUIGI,GRAB_AERIAL,Suction Shot,
LUIGI,GRAB,Suction Shot,
LUIGI,FORWARD_THROW,Slam,
LUIGI,BACK_THROW,Slam,
LUIGI,NEUTRAL_SPECIAL,Fireball,LUIGI___NEUTRAL_SPECIAL.jpg
LUIGI,SIDE_SPECIAL,Green Missile,LUIGI___SIDE_SPECIAL.PNG
LUIGI,UP_SPECIAL,Super Jump Punch,LUIGI___UP_SPECIAL.jpg
LUIGI,DOWN_SPECIAL,Luigi Cyclone,LUIGI___DOWN_SPECIAL.jpg
LUIGI,FINAL_SMASH,Poltergust G-00,LUIGI___FINAL_SMASH.jpg
PEACH,UP_SMASH,Ribbon Dance,
PEACH,NEUTRAL_SPECIAL,Toad,PEACH___NEUTRAL_SPECIAL.jpg
PEACH,SIDE_SPECIAL,Peach Bomber,PEACH___SIDE_SPECIAL.jpeg
PEACH,UP_SPECIAL,Peach Parasol,PEACH___UP_SPECIAL.png
PEACH,DOWN_SPECIAL,Vegetable,PEACH___DOWN_SPECIAL.jpg
PEACH,FINAL_SMASH,Peach Blossom,PEACH___FINAL_SMASH.png
BOWSER,NEUTRAL_SPECIAL,Fire Breath,BOWSER___NEUTRAL_SPECIAL.jpg
BOWSER,SIDE_SPECIAL,Flying Slam,BOWSER___SIDE_SPECIAL.jpg
BOWSER,UP_SPECIAL,Whirling Fortress,BOWSER___UP_SPECIAL.jpg
BOWSER,DOWN_SPECIAL,Bowser Bomb,BOWSER___DOWN_SPECIAL.jpg
BOWSER,FINAL_SMASH,Giga Bowser Punch,BOWSER___FINAL_SMASH.gif
DR_MARIO,UP_SMASH,"Ear, Nose, and Throat",
DR_MARIO,NEUTRAL_AERIAL,Dr. Kick,
DR_MARIO,FORWARD_AERIAL,Dr. Punch,
DR_MARIO,DOWN_AERIAL,CLEAR!,
DR_MARIO,DOWN_THROW,Hospital Bed,
DR_MARIO,NEUTRAL_SPECIAL,Megavitamins,DR_MARIO___NEUTRAL_SPECIAL.jpg
DR_MARIO,SIDE_SPECIAL,Super Sheet,DR_MARIO___SIDE_SPECIAL.jpg
DR_MARIO,UP_SPECIAL,Super Jump Punch,DR_MARIO___UP_SPECIAL.jpg
DR_MARIO,DOWN_SPECIAL,Dr. Tornado,DR_MARIO___DOWN_SPECIAL.jpg
DR_MARIO,FINAL_SMASH,Doctor Finale,DR_MARIO___FINAL_SMASH.png
ROSALINA_AND_LUMA,NEUTRAL_SPECIAL,Luma Shot,ROSALINA_AND_LUMA___NEUTRAL_SPECIAL.jpeg
ROSALINA_AND_LUMA,SIDE_SPECIAL,Star Bits,ROSALINA_AND_LUMA___SIDE_SPECIAL.jpg
ROSALINA_AND_LUMA,UP_SPECIAL,Launch Star,ROSALINA_AND_LUMA___UP_SPECIAL.jpg
ROSALINA_AND_LUMA,DOWN_SPECIAL,Gravitational Pull,ROSALINA_AND_LUMA___DOWN_SPECIAL.jpg
ROSALINA_AND_LUMA,FINAL_SMASH,Grand Star,ROSALINA_AND_LUMA___FINAL_SMASH.png
BOWSER_JR,FORWARD_SMASH,Smash Twin Drills,
BOWSER_JR,NEUTRAL_SPECIAL,Clown Cannon,BOWSER_JR___NEUTRAL_SPECIAL.jpg
BOWSER_JR,SIDE_SPECIAL,Clown Kart Dash,BOWSER_JR___SIDE_SPECIAL.jpeg
BOWSER_JR,UP_SPECIAL,Abandon Ship!,BOWSER_JR___UP_SPECIAL.jpeg
BOWSER_JR,DOWN_SPECIAL,Mechakoopa,BOWSER_JR___DOWN_SPECIAL.jpeg
BOWSER_JR,FINAL_SMASH,Shadow Mario Paint,BOWSER_JR___FINAL_SMASH.jpg
YOSHI,FORWARD_AERIAL,Noggin Dunk,
YOSHI,DOWN_AERIAL,Flutter Kick,
YOSHI,NEUTRAL_SPECIAL,Egg Lay,YOSHI___NEUTRAL_SPECIAL.gif
YOSHI,SIDE_SPECIAL,Egg Roll,YOSHI___SIDE_SPECIAL.jpeg
YOSHI,UP_SPECIAL,Egg Throw,YOSHI___UP_SPECIAL.jpg
YOSHI,DOWN_SPECIAL,Yoshi Bomb,YOSHI___DOWN_SPECIAL.gif
YOSHI,FINAL_SMASH,Stampede!,YOSHI___FINAL_SMASH.gif
DONKEY_KONG,DOWN_TILT,Slouch Slap,
DONKEY_KONG,FORWARD_THROW,Kong Karry,
DONKEY_KONG,NEUTRAL_SPECIAL,Giant Punch,DONKEY_KONG___NEUTRAL_SPECIAL.jpg
DONKEY_KONG,SIDE_SPECIAL,Headbutt,DONKEY_KONG___SIDE_SPECIAL.jpg
DONKEY_KONG,UP_SPECIAL,Spinning Kong,DONKEY_KONG___UP_SPECIAL.jpg
DONKEY_KONG,DOWN_SPECIAL,Hand Slap,DONKEY_KONG___DOWN_SPECIAL.jpg
DONKEY_KONG,FINAL_SMASH,Jungle Rush,DONKEY_KONG___FINAL_SMASH.png
DIDDY_KONG,DOWN_TILT,Hand Clap,
DIDDY_KONG,FORWARD_AERIAL,Screw Kick,
DIDDY_KONG,NEUTRAL_SPECIAL,Peanut Popgun,DIDDY_KONG___NEUTRAL_SPECIAL.jpg
DIDDY_KONG,SIDE_SPECIAL,Monkey Flip,DIDDY_KONG___SIDE_SPECIAL.jpg
DIDDY_KONG,UP_SPECIAL,Rocketbarrel Boost,DIDDY_KONG___UP_SPECIAL.jpg
DIDDY_KONG,DOWN_SPECIAL,Banana Peel,DIDDY_KONG___DOWN_SPECIAL.jpg
DIDDY_KONG,FINAL_SMASH,Hyper Rocketbarrel,DIDDY_KONG___FINAL_SMASH.png
LINK,DASH_ATTACK,Jump Slash,
LINK,FORWARD_SMASH,Sword Slice/Double Sword Slice,
LINK,UP_AERIAL,Jump Thrust,
LINK,DOWN_AERIAL,Downward Thrust,
LINK,NEUTRAL_SPECIAL,Bow and Arrows,LINK___NEUTRAL_SPECIAL.jpg
LINK,SIDE_SPECIAL,Boomerang,LINK___SIDE_SPECIAL.jpg
LINK,UP_SPECIAL,Spin Attack,LINK___UP_SPECIAL.jpg
LINK,DOWN_SPECIAL,Remote Bomb,LINK___DOWN_SPECIAL.jpg
LINK,FINAL_SMASH,Ancient Bow and Arrow,LINK___FINAL_SMASH.jpg
ZELDA,FORWARD_AERIAL,Lightning Kick,
ZELDA,BACK_AERIAL,Lightning Kick,
ZELDA,DOWN_AERIAL,Meteor Heel,
ZELDA,NEUTRAL_SPECIAL,Nayru's Love,ZELDA___NEUTRAL_SPECIAL.jpeg
ZELDA,SIDE_SPECIAL,Din's Fire,ZELDA___SIDE_SPECIAL.jpg
ZELDA,UP_SPECIAL,Farore's Wind,ZELDA___UP_SPECIAL.jpg
ZELDA,DOWN_SPECIAL,Phantom Slash,ZELDA___DOWN_SPECIAL.jpg
ZELDA,FINAL_SMASH,Triforce of Wisdom,ZELDA___FINAL_SMASH.png
SHEIK,FORWARD_TILT,Cycle Kick,
SHEIK,UP_SMASH,Razor Wing,
SHEIK,FORWARD_AERIAL,Hatchet,
SHEIK,NEUTRAL_SPECIAL,Needle Storm,SHEIK___NEUTRAL_SPECIAL.jpg
SHEIK,SIDE_SPECIAL,Burst Grenade,SHEIK___SIDE_SPECIAL.jpg
SHEIK,UP_SPECIAL,Vanish,SHEIK___UP_SPECIAL.jpg
SHEIK,DOWN_SPECIAL,Bouncing Fish,SHEIK___DOWN_SPECIAL.jpg
SHEIK,FINAL_SMASH,Sheikah Dance,SHEIK___FINAL_SMASH.png
YOUNG_LINK,GRAB_AERIAL,Midair Hookshot,
YOUNG_LINK,GRAB,Hookshot,
YOUNG_LINK,NEUTRAL_SPECIAL,Fire Arrow,YOUNG_LINK___NEUTRAL_SPECIAL.png
YOUNG_LINK,SIDE_SPECIAL,Boomerang,YOUNG_LINK___SIDE_SPECIAL.jpg
YOUNG_LINK,UP_SPECIAL,Spin Attack,YOUNG_LINK___UP_SPECIAL.jpg
YOUNG_LINK,DOWN_SPECIAL,Bomb,YOUNG_LINK___DOWN_SPECIAL.jpg
YOUNG_LINK,FINAL_SMASH,Triforce Slash,YOUNG_LINK___FINAL_SMASH.jpeg
GANONDORF,UP_TILT,Volcano Kick,
GANONDORF,DOWN_TILT,Leg Sweep,
GANONDORF,NEUTRAL_SPECIAL,Warlock Punch,GANONDORF___NEUTRAL_SPECIAL.jpg
GANONDORF,SIDE_SPECIAL,Flame Choke,GANONDORF___SIDE_SPECIAL.jpg
GANONDORF,UP_SPECIAL,Dark Dive,GANONDORF___UP_SPECIAL.jpg
GANONDORF,DOWN_SPECIAL,Wizard's Foot,GANONDORF___DOWN_SPECIAL.jpg
GANONDORF,FINAL_SMASH,"Ganon, The Demon King",GANONDORF___FINAL_SMASH.jpg
TOON_LINK,UP_TILT,Half-Moon Slash,
TOON_LINK,NEUTRAL_AERIAL,Two Part Slash,
TOON_LINK,DOWN_AERIAL,Sword Plant,
TOON_LINK,GRAB_AERIAL,Midair Hookshot,
TOON_LINK,GRAB,Hookshot,
TOON_LINK,NEUTRAL_SPECIAL,Hero's Bow,TOON_LINK___NEUTRAL_SPECIAL.png
TOON_LINK,SIDE_SPECIAL,Boomerang,TOON_LINK___SIDE_SPECIAL.jpg
TOON_LINK,UP_SPECIAL,Spin Attack,TOON_LINK___UP_SPECIAL.jpg
TOON_LINK,DOWN_SPECIAL,Bomb,TOON_LINK___DOWN_SPECIAL.jpg
TOON_LINK,FINAL_SMASH,Triforce Slash,TOON_LINK___FINAL_SMASH.jpeg
SAMUS,NEUTRAL_ATTACK,Straight and Cannon Hammer,
SAMUS,UP_SMASH,Cover Fire,
SAMUS,GRAB_AERIAL,Grapple Beam,
SAMUS,GRAB,Grapple Beam,
SAMUS,NEUTRAL_SPECIAL,Charge Shot,SAMUS___NEUTRAL_SPECIAL.jpg
SAMUS,SIDE_SPECIAL,Missile,SAMUS___SIDE_SPECIAL.jpg
SAMUS,UP_SPECIAL,Screw Attack,SAMUS___UP_SPECIAL.jpeg
SAMUS,DOWN_SPECIAL,Bomb,SAMUS___DOWN_SPECIAL.jpg
SAMUS,FINAL_SMASH,Zero Laser,SAMUS___FINAL_SMASH.jpeg
ZERO_SUIT_SAMUS,DOWN_SMASH,Slant Paralyzer,
ZERO_SUIT_SAMUS,DOWN_AERIAL,Slash Dive,
ZERO_SUIT_SAMUS,GRAB_AERIAL,Plasma Whip,
ZERO_SUIT_SAMUS,GRAB,Plasma Whip,
ZERO_SUIT_SAMUS,NEUTRAL_SPECIAL,Paralyzer,ZERO_SUIT_SAMUS___NEUTRAL_SPECIAL.jpeg
ZERO_SUIT_SAMUS,SIDE_SPECIAL,Plasma Whip,ZERO_SUIT_SAMUS___SIDE_SPECIAL.jpeg
ZERO_SUIT_SAMUS,UP_SPECIAL,Boost Kick,ZERO_SUIT_SAMUS___UP_SPECIAL.jpeg
ZERO_SUIT_SAMUS,DOWN_SPECIAL,Flip Jump,ZERO_SUIT_SAMUS___DOWN_SPECIAL.jpg
ZERO_SUIT_SAMUS,FINAL_SMASH,Zero Laser,ZERO_SUIT_SAMUS___FINAL_SMASH.jpeg
KIRBY,NEUTRAL_ATTACK,Vulcan Jab/Smash Punch,
KIRBY,DOWN_TILT,Squish Kick,
KIRBY,DASH_ATTACK,Burning,
KIRBY,FORWARD_SMASH,Smash Kick,
KIRBY,NEUTRAL_AERIAL,Twinkle Star,
KIRBY,UP_THROW,Air Drop,
KIRBY,NEUTRAL_SPECIAL,Inhale,KIRBY___NEUTRAL_SPECIAL.jpg
KIRBY,SIDE_SPECIAL,Hammer Flip,KIRBY___SIDE_SPECIAL.jpg
KIRBY,UP_SPECIAL,Final Cutter,KIRBY___UP_SPECIAL.jpg
KIRBY,DOWN_SPECIAL,Stone,KIRBY___DOWN_SPECIAL.jpg
KIRBY,FINAL_SMASH,Ultra Sword,KIRBY___FINAL_SMASH.jpg
META_KNIGHT,NEUTRAL_ATTACK,Flurry Attack,
META_KNIGHT,UP_AERIAL,Midair Up Sweep,
META_KNIGHT,DOWN_THROW,Trample,
META_KNIGHT,NEUTRAL_SPECIAL,Mach Tornado,META_KNIGHT___NEUTRAL_SPECIAL.jpg
META_KNIGHT,SIDE_SPECIAL,Drill Rush,META_KNIGHT___SIDE_SPECIAL.jpg
META_KNIGHT,UP_SPECIAL,Shuttle Loop,META_KNIGHT___UP_SPECIAL.jpg
META_KNIGHT,DOWN_SPECIAL,Dimensional Cape,META_KNIGHT___DOWN_SPECIAL.jpg
META_KNIGHT,FINAL_SMASH,Darkness Illusion,META_KNIGHT___FINAL_SMASH.png
KING_DEDEDE,DOWN_TILT,Rolling,
KING_DEDEDE,DASH_ATTACK,Belly Flop,
KING_DEDEDE,NEUTRAL_SPECIAL,Inhale,KING_DEDEDE___NEUTRAL_SPECIAL.jpg
KING_DEDEDE,SIDE_SPECIAL,Gordo Throw,KING_DEDEDE___SIDE_SPECIAL.jpg
KING_DEDEDE,UP_SPECIAL,Super Dedede Jump,KING_DEDEDE___UP_SPECIAL.jpg
KING_DEDEDE,DOWN_SPECIAL,Jet Hammer,KING_DEDEDE___DOWN_SPECIAL.jpg
KING_DEDEDE,FINAL_SMASH,Dede-Rush,KING_DEDEDE___FINAL_SMASH.png
FOX,UP_SMASH,Flip Kick,
FOX,FORWARD_AERIAL,Tornado Kick,
FOX,UP_AERIAL,McCloud Flip,
FOX,NEUTRAL_SPECIAL,Blaster,FOX___NEUTRAL_SPECIAL.jpg
FOX,SIDE_SPECIAL,Fox Illusion,FOX___SIDE_SPECIAL.jpg
FOX,UP_SPECIAL,Fire Fox,FOX___UP_SPECIAL.jpg
FOX,DOWN_SPECIAL,Reflector,FOX___DOWN_SPECIAL.jpg
FOX,FINAL_SMASH,Team Star Fox,FOX___FINAL_SMASH.png
FALCO,DOWN_TILT,Tail Cutter,
FALCO,NEUTRAL_AERIAL,Spinning Falco Chop,
FALCO,DOWN_AERIAL,Corkscrew Meteor,
FALCO,NEUTRAL_SPECIAL,Blaster,FALCO___NEUTRAL_SPECIAL.jpg
FALCO,SIDE_SPECIAL,Falco Phantasm,FALCO___SIDE_SPECIAL.jpg
FALCO,UP_SPECIAL,Fire Bird,FALCO___UP_SPECIAL.jpg
FALCO,DOWN_SPECIAL,Reflector,FALCO___DOWN_SPECIAL.jpg
FALCO,FINAL_SMASH,Team Star Fox,FALCO___FINAL_SMASH.png
WOLF,NEUTRAL_SPECIAL,Blaster,WOLF___NEUTRAL_SPECIAL.jpg
WOLF,SIDE_SPECIAL,Wolf Flash,WOLF___SIDE_SPECIAL.png
WOLF,UP_SPECIAL,Fire Wolf,WOLF___UP_SPECIAL.png
WOLF,DOWN_SPECIAL,Reflector,WOLF___DOWN_SPECIAL.png
WOLF,FINAL_SMASH,Team Star Wolf,WOLF___FINAL_SMASH.png
PIKACHU,NEUTRAL_ATTACK,Headbutt,
PIKACHU,DASH_ATTACK,Running Headbutt,
PIKACHU,DOWN_SMASH,Electric Flower,
PIKACHU,BACK_AERIAL,Glider,
PIKACHU,DOWN_AERIAL,Electric Screw,
PIKACHU,NEUTRAL_SPECIAL,Thunder Jolt,PIKACHU___NEUTRAL_SPECIAL.jpeg
PIKACHU,SIDE_SPECIAL,Skull Bash,PIKACHU___SIDE_SPECIAL.jpeg
PIKACHU,UP_SPECIAL,Quick Attack,PIKACHU___UP_SPECIAL.gif
PIKACHU,DOWN_SPECIAL,Thunder,PIKACHU___DOWN_SPECIAL.jpeg
PIKACHU,FINAL_SMASH,Volt Tackle,PIKACHU___FINAL_SMASH.png
JIGGLYPUFF,DASH_ATTACK,Jiggly Ram,
JIGGLYPUFF,DOWN_SMASH,Jiggly Split,
JIGGLYPUFF,NEUTRAL_SPECIAL,Rollout,JIGGLYPUFF___NEUTRAL_SPECIAL.jpg
JIGGLYPUFF,SIDE_SPECIAL,Pound,JIGGLYPUFF___SIDE_SPECIAL.jpg
JIGGLYPUFF,UP_SPECIAL,Sing,JIGGLYPUFF___UP_SPECIAL.jpg
JIGGLYPUFF,DOWN_SPECIAL,Rest,JIGGLYPUFF___DOWN_SPECIAL.jpg
JIGGLYPUFF,FINAL_SMASH,Puff Up,JIGGLYPUFF___FINAL_SMASH.jpg
PICHU,NEUTRAL_SPECIAL,Thunder Jolt,PICHU___NEUTRAL_SPECIAL.jpeg
PICHU,SIDE_SPECIAL,Skull Bash,PICHU___SIDE_SPECIAL.jpeg
PICHU,UP_SPECIAL,Agility,PICHU___UP_SPECIAL.jpg
PICHU,DOWN_SPECIAL,Thunder,PICHU___DOWN_SPECIAL.jpeg
PICHU,FINAL_SMASH,Volt Tackle,PICHU___FINAL_SMASH.png
MEWTWO,DOWN_TILT,Tail Sweep,
MEWTWO,FORWARD_SMASH,Shadow Blast,
MEWTWO,UP_SMASH,Galaxy Force,
MEWTWO,DOWN_SMASH,Shadow Bomb,
MEWTWO,NEUTRAL_AERIAL,Body Spark,
MEWTWO,FORWARD_AERIAL,Shadow Scratch,
MEWTWO,FORWARD_THROW,Shadow Cannon,
MEWTWO,UP_THROW,Psychic Whirlwind,
MEWTWO,NEUTRAL_SPECIAL,Shadow Ball,MEWTWO___NEUTRAL_SPECIAL.jpg
MEWTWO,SIDE_SPECIAL,Confusion,MEWTWO___SIDE_SPECIAL.jpg
MEWTWO,UP_SPECIAL,Teleport,MEWTWO___UP_SPECIAL.jpg
MEWTWO,DOWN_SPECIAL,Disable,MEWTWO___DOWN_SPECIAL.jpg
MEWTWO,FINAL_SMASH,Psystrike,MEWTWO___FINAL_SMASH.jpg
POKEMON_TRAINER_SQUIRTLE,NEUTRAL_SPECIAL,Water Gun,POKEMON_TRAINER_SQUIRTLE___NEUTRAL_SPECIAL.jpg
POKEMON_TRAINER_SQUIRTLE,SIDE_SPECIAL,Withdraw,POKEMON_TRAINER_SQUIRTLE___SIDE_SPECIAL.jpg
POKEMON_TRAINER_SQUIRTLE,UP_SPECIAL,Waterfall,POKEMON_TRAINER_SQUIRTLE___UP_SPECIAL.jpg
POKEMON_TRAINER_SQUIRTLE,DOWN_SPECIAL,Pokémon Change,POKEMON_TRAINER_SQUIRTLE___DOWN_SPECIAL.jpg
POKEMON_TRAINER_SQUIRTLE,FINAL_SMASH,Triple Finish,POKEMON_TRAINER_SQUIRTLE___FINAL_SMASH.jpg
POKEMON_TRAINER_IVYSAUR,UP_SMASH,Exploding Flower,
POKEMON_TRAINER_IVYSAUR,NEUTRAL_SPECIAL,Bullet Seed,POKEMON_TRAINER_IVYSAUR___NEUTRAL_SPECIAL.jpeg
POKEMON_TRAINER_IVYSAUR,SIDE_SPECIAL,Razor Leaf,POKEMON_TRAINER_IVYSAUR___SIDE_SPECIAL.jpeg
POKEMON_TRAINER_IVYSAUR,UP_SPECIAL,Vine Whip,POKEMON_TRAINER_IVYSAUR___UP_SPECIAL.jpeg
POKEMON_TRAINER_IVYSAUR,DOWN_SPECIAL,Pokémon Change,POKEMON_TRAINER_IVYSAUR___DOWN_SPECIAL.jpg
POKEMON_TRAINER_IVYSAUR,FINAL_SMASH,Triple Finish,POKEMON_TRAINER_IVYSAUR___FINAL_SMASH.jpg
LUCARIO,NEUTRAL_SPECIAL,Aura Sphere,LUCARIO___NEUTRAL_SPECIAL.jpg
LUCARIO,SIDE_SPECIAL,Force Palm,LUCARIO___SIDE_SPECIAL.jpg
LUCARIO,UP_SPECIAL,Extreme Speed,LUCARIO___UP_SPECIAL.jpg
LUCARIO,DOWN_SPECIAL,Double Team,LUCARIO___DOWN_SPECIAL.jpg
LUCARIO,FINAL_SMASH,Aura Storm,LUCARIO___FINAL_SMASH.png
GRENINJA,NEUTRAL_SPECIAL,Water Shuriken,GRENINJA___NEUTRAL_SPECIAL.jpg
GRENINJA,SIDE_SPECIAL,Shadow Sneak,GRENINJA___SIDE_SPECIAL.jpg
GRENINJA,UP_SPECIAL,Hydro Pump,GRENINJA___UP_SPECIAL.jpg
GRENINJA,DOWN_SPECIAL,Substitute,GRENINJA___DOWN_SPECIAL.jpg
GRENINJA,FINAL_SMASH,Secret Ninja Attack,GRENINJA___FINAL_SMASH.jpg
NESS,FORWARD_SMASH,Batter Up!,
NESS,UP_SMASH,Around the World,
NESS,DOWN_SMASH,Walk the Dog,
NESS,FORWARD_THROW,PK Throw,
NESS,BACK_THROW,Reverse PK Throw,
NESS,NEUTRAL_SPECIAL,PK Flash,NESS___NEUTRAL_SPECIAL.jpg
NESS,SIDE_SPECIAL,PK Fire,NESS___SIDE_SPECIAL.jpg
NESS,UP_SPECIAL,PK Thunder,NESS___UP_SPECIAL.jpg
NESS,DOWN_SPECIAL,PSI Magnet,NESS___DOWN_SPECIAL.jpg
NESS,FINAL_SMASH,PK Starstorm,NESS___FINAL_SMASH.png
LUCAS,UP_SMASH,PK Smash Geyser,
LUCAS,DOWN_SMASH,PK Blow,
LUCAS,BACK_AERIAL,PK Meteor Kick,
LUCAS,DOWN_AERIAL,PK Foot Stomp,
LUCAS,GRAB_AERIAL,Midair,
LUCAS,GRAB,Rope Snake,
LUCAS,NEUTRAL_SPECIAL,PK Freeze,LUCAS___NEUTRAL_SPECIAL.jpg
LUCAS,SIDE_SPECIAL,PK Fire,LUCAS___SIDE_SPECIAL.jpg
LUCAS,UP_SPECIAL,PK Thunder,LUCAS___UP_SPECIAL.jpg
LUCAS,DOWN_SPECIAL,PSI Magnet,LUCAS___DOWN_SPECIAL.jpg
LUCAS,FINAL_SMASH,PK Starstorm,LUCAS___FINAL_SMASH.png
ICE_CLIMBERS,DOWN_SMASH,Hammer Sweep,
ICE_CLIMBERS,FORWARD_AERIAL,Hammer Slam,
ICE_CLIMBERS,NEUTRAL_SPECIAL,Ice Shot,ICE_CLIMBERS___NEUTRAL_SPECIAL.jpeg
ICE_CLIMBERS,SIDE_SPECIAL,Squall Hammer,ICE_CLIMBERS___SIDE_SPECIAL.jpg
ICE_CLIMBERS,UP_SPECIAL,Belay,ICE_CLIMBERS___UP_SPECIAL.jpg
ICE_CLIMBERS,DOWN_SPECIAL,Blizzard,ICE_CLIMBERS___DOWN_SPECIAL.jpg
ICE_CLIMBERS,FINAL_SMASH,Iceberg,ICE_CLIMBERS___FINAL_SMASH.PNG
MARTH,FORWARD_SMASH,Dragon Killer,
MARTH,UP_SMASH,Justice Sword,
MARTH,BACK_AERIAL,About Face,
MARTH,NEUTRAL_SPECIAL,Shield Breaker,MARTH___NEUTRAL_SPECIAL.jpg
MARTH,SIDE_SPECIAL,Dancing Blade,MARTH___SIDE_SPECIAL.jpg
MARTH,UP_SPECIAL,Dolphin Slash,MARTH___UP_SPECIAL.jpg
MARTH,DOWN_SPECIAL,Counter,MARTH___DOWN_SPECIAL.jpg
MARTH,FINAL_SMASH,Critical Hit,MARTH___FINAL_SMASH.jpg
ROY,NEUTRAL_ATTACK,Slash,
ROY,FORWARD_TILT,Sharp Edge,
ROY,DOWN_TILT,Low Stab,
ROY,UP_SMASH,Flame Sword,
ROY,NEUTRAL_AERIAL,Double Slash,
ROY,DOWN_AERIAL,Half Moon,
ROY,DOWN_THROW,Slam,
ROY,NEUTRAL_SPECIAL,Flare Blade,ROY___NEUTRAL_SPECIAL.jpg
ROY,SIDE_SPECIAL,Double-Edge Dance,ROY___SIDE_SPECIAL.jpg
ROY,UP_SPECIAL,Blazer,ROY___UP_SPECIAL.jpg
ROY,DOWN_SPECIAL,Counter,ROY___DOWN_SPECIAL.jpg
ROY,FINAL_SMASH,Critical Hit,ROY___FINAL_SMASH.jpg
IKE,DOWN_SMASH,Cast Off,
IKE,BACK_AERIAL,Repositioning Slash,
IKE,UP_AERIAL,Rising Swing,
IKE,NEUTRAL_SPECIAL,Eruption,IKE___NEUTRAL_SPECIAL.jpg
IKE,SIDE_SPECIAL,Quick Draw,IKE___SIDE_SPECIAL.jpg
IKE,UP_SPECIAL,Aether,IKE___UP_SPECIAL.jpg
IKE,DOWN_SPECIAL,Counter,IKE___DOWN_SPECIAL.jpg
IKE,FINAL_SMASH,Great Aether,IKE___FINAL_SMASH.jpg
LUCINA,UP_TILT,Anti-air Slash,
LUCINA,NEUTRAL_SPECIAL,Shield Breaker,LUCINA___NEUTRAL_SPECIAL.jpg
LUCINA,SIDE_SPECIAL,Dancing Blade,LUCINA___SIDE_SPECIAL.jpg
LUCINA,UP_SPECIAL,Dolphin Slash,LUCINA___UP_SPECIAL.jpg
LUCINA,DOWN_SPECIAL,Counter,LUCINA___DOWN_SPECIAL.jpg
LUCINA,FINAL_SMASH,Critical Hit,LUCINA___FINAL_SMASH.jpg
ROBIN,DOWN_AERIAL,Undercut,
ROBIN,NEUTRAL_SPECIAL,Thunder,ROBIN___NEUTRAL_SPECIAL.jpg
ROBIN,SIDE_SPECIAL,Arcfire,ROBIN___SIDE_SPECIAL.jpg
ROBIN,UP_SPECIAL,Elwind,ROBIN___UP_SPECIAL.jpeg
ROBIN,DOWN_SPECIAL,Nosferatu,ROBIN___DOWN_SPECIAL.png
ROBIN,FINAL_SMASH,Pair Up,ROBIN___FINAL_SMASH.png
CORRIN,FORWARD_SMASH,Dragon Fang Thrust,
CORRIN,UP_SMASH,Vertical Dragon Fang Thrust,
CORRIN,DOWN_SMASH,Yato Dragon Fang,
CORRIN,BACK_AERIAL,Dragon Fang Wings,
CORRIN,DOWN_AERIAL,Dragon's Piercing Drop,
CORRIN,DOWN_THROW,Dragon-Form Kick,
CORRIN,NEUTRAL_SPECIAL,Dragon Fang Shot,CORRIN___NEUTRAL_SPECIAL.jpg
CORRIN,SIDE_SPECIAL,Dragon Lunge,CORRIN___SIDE_SPECIAL.jpg
CORRIN,UP_SPECIAL,Dragon Ascent,CORRIN___UP_SPECIAL.png
CORRIN,DOWN_SPECIAL,Counter Surge,CORRIN___DOWN_SPECIAL.jpg
CORRIN,FINAL_SMASH,Torrential Roar,CORRIN___FINAL_SMASH.jpg
MR_GAME_AND_WATCH,UP_AERIAL,Spitball Sparky,
MR_GAME_AND_WATCH,NEUTRAL_SPECIAL,Chef,MR_GAME_AND_WATCH___NEUTRAL_SPECIAL.jpg
MR_GAME_AND_WATCH,SIDE_SPECIAL,Judge,MR_GAME_AND_WATCH___SIDE_SPECIAL.jpg
MR_GAME_AND_WATCH,UP_SPECIAL,Fire,MR_GAME_AND_WATCH___UP_SPECIAL.jpg
MR_GAME_AND_WATCH,DOWN_SPECIAL,Oil Panic,MR_GAME_AND_WATCH___DOWN_SPECIAL.jpeg
MR_GAME_AND_WATCH,FINAL_SMASH,Octopus,MR_GAME_AND_WATCH___FINAL_SMASH.jpg
PIT,UP_TILT,Anti-air Attack,
PIT,DOWN_AERIAL,Under-Arc Slash,
PIT,NEUTRAL_SPECIAL,Palutena Bow,PIT___NEUTRAL_SPECIAL.jpeg
PIT,SIDE_SPECIAL,Upperdash Arm,PIT___SIDE_SPECIAL.jpg
PIT,UP_SPECIAL,Power of Flight,PIT___UP_SPECIAL.jpg
PIT,DOWN_SPECIAL,Guardian Orbitars,PIT___DOWN_SPECIAL.jpg
PIT,FINAL_SMASH,Lightning Chariot,PIT___FINAL_SMASH.jpg
PALUTENA,DOWN_AERIAL,Purging Kick,
PALUTENA,NEUTRAL_SPECIAL,Autoreticle,PALUTENA___NEUTRAL_SPECIAL.jpeg
PALUTENA,SIDE_SPECIAL,Explosive Flame,PALUTENA___SIDE_SPECIAL.jpg
PALUTENA,UP_SPECIAL,Warp,PALUTENA___UP_SPECIAL.png
PALUTENA,DOWN_SPECIAL,Counter/Reflect Barrier,
PALUTENA,FINAL_SMASH,Black Hole Laser,PALUTENA___FINAL_SMASH.jpeg
DARK_PIT,UP_TILT,Anti-air Attack,
DARK_PIT,DOWN_AERIAL,Under-Arc Slash,
DARK_PIT,NEUTRAL_SPECIAL,Silver Bow,DARK_PIT___NEUTRAL_SPECIAL.jpg
DARK_PIT,SIDE_SPECIAL,Electroshock Arm,DARK_PIT___SIDE_SPECIAL.jpg
DARK_PIT,UP_SPECIAL,Power of Flight,DARK_PIT___UP_SPECIAL.jpg
DARK_PIT,DOWN_SPECIAL,Guardian Orbitars,DARK_PIT___DOWN_SPECIAL.jpg
DARK_PIT,FINAL_SMASH,Dark Pit Staff,DARK_PIT___FINAL_SMASH.jpg
WARIO,DASH_ATTACK,Shoulder Tackle,
WARIO,UP_AERIAL,Hand Slap,
WARIO,BACK_THROW,Wild Swing Ding,
WARIO,NEUTRAL_SPECIAL,Chomp,WARIO___NEUTRAL_SPECIAL.jpg
WARIO,SIDE_SPECIAL,Wario Bike,WARIO___SIDE_SPECIAL.jpg
WARIO,UP_SPECIAL,Corkscrew,WARIO___UP_SPECIAL.jpg
WARIO,DOWN_SPECIAL,Wario Waft,WARIO___DOWN_SPECIAL.jpg
WARIO,FINAL_SMASH,Wario-Man,WARIO___FINAL_SMASH.png
R_O_B,FORWARD_SMASH,S3,
R_O_B,NEUTRAL_AERIAL,AirN,
R_O_B,BACK_AERIAL,Air Boosters,
R_O_B,NEUTRAL_SPECIAL,Robo Beam,R_O_B___NEUTRAL_SPECIAL.jpg
R_O_B,SIDE_SPECIAL,Arm Rotor,R_O_B___SIDE_SPECIAL.jpg
R_O_B,UP_SPECIAL,Robo Burner,R_O_B___UP_SPECIAL.jpeg
R_O_B,DOWN_SPECIAL,Gyro,R_O_B___DOWN_SPECIAL.jpg
R_O_B,FINAL_SMASH,Guided Robo Beam,R_O_B___FINAL_SMASH.png
VILLAGER,FORWARD_SMASH,Bowling Ball,
VILLAGER,DOWN_SMASH,Dig,
VILLAGER,UP_AERIAL,Upward Turnips,
VILLAGER,DOWN_AERIAL,Downward Turnips,
VILLAGER,GRAB,Net,
VILLAGER,NEUTRAL_SPECIAL,Pocket,VILLAGER___NEUTRAL_SPECIAL.gif
VILLAGER,SIDE_SPECIAL,Lloid Rocket,VILLAGER___SIDE_SPECIAL.jpg
VILLAGER,UP_SPECIAL,Balloon Trip,VILLAGER___UP_SPECIAL.jpg
VILLAGER,DOWN_SPECIAL,Timber,VILLAGER___DOWN_SPECIAL.jpg
VILLAGER,FINAL_SMASH,Dream Home,VILLAGER___FINAL_SMASH.jpg
WII_FIT_TRAINER,NEUTRAL_ATTACK,Lunge,
WII_FIT_TRAINER,FORWARD_TILT,Dancer,
WII_FIT_TRAINER,DOWN_TILT,Bridge,
WII_FIT_TRAINER,DASH_ATTACK,Gate,
WII_FIT_TRAINER,FORWARD_SMASH,Warrior,
WII_FIT_TRAINER,UP_SMASH,Tree,
WII_FIT_TRAINER,DOWN_SMASH,Arm & Leg Lift,
WII_FIT_TRAINER,NEUTRAL_AERIAL,Jackknife,
WII_FIT_TRAINER,FORWARD_AERIAL,Single-Leg Extension,
WII_FIT_TRAINER,EDGE_ATTACK,Side Plank,
WII_FIT_TRAINER,NEUTRAL_SPECIAL,Sun Salutation,WII_FIT_TRAINER___NEUTRAL_SPECIAL.jpg
WII_FIT_TRAINER,SIDE_SPECIAL,Header,WII_FIT_TRAINER___SIDE_SPECIAL.jpg
WII_FIT_TRAINER,UP_SPECIAL,Super Hoop,WII_FIT_TRAINER___UP_SPECIAL.gif
WII_FIT_TRAINER,DOWN_SPECIAL,Deep Breathing,WII_FIT_TRAINER___DOWN_SPECIAL.jpg
WII_FIT_TRAINER,FINAL_SMASH,Wii Fit,WII_FIT_TRAINER___FINAL_SMASH.png
LITTLE_MAC,NEUTRAL_AERIAL,Weak Jab,
LITTLE_MAC,NEUTRAL_SPECIAL,Straight Lunge,LITTLE_MAC___NEUTRAL_SPECIAL.jpg
LITTLE_MAC,SIDE_SPECIAL,Jolt Haymaker,LITTLE_MAC___SIDE_SPECIAL.jpg
LITTLE_MAC,UP_SPECIAL,Rising Uppercut,LITTLE_MAC___UP_SPECIAL.jpg
LITTLE_MAC,DOWN_SPECIAL,Slip Counter,LITTLE_MAC___DOWN_SPECIAL.jpg
LITTLE_MAC,FINAL_SMASH,Giga Mac Rush,LITTLE_MAC___FINAL_SMASH.jpg
SHULK,BACK_AERIAL,Behind Thrust,
SHULK,NEUTRAL_SPECIAL,Monado Arts,SHULK___NEUTRAL_SPECIAL.jpg
SHULK,SIDE_SPECIAL,Back Slash,SHULK___SIDE_SPECIAL.gif
SHULK,UP_SPECIAL,Air Slash,SHULK___UP_SPECIAL.jpeg
SHULK,DOWN_SPECIAL,Vision,SHULK___DOWN_SPECIAL.jpeg
SHULK,FINAL_SMASH,Chain Attack,SHULK___FINAL_SMASH.jpg
DUCK_HUNT,FORWARD_SMASH,Zapper,
DUCK_HUNT,UP_AERIAL,Wild Duck,
DUCK_HUNT,NEUTRAL_SPECIAL,Trick Shot,DUCK_HUNT___NEUTRAL_SPECIAL.jpg
DUCK_HUNT,SIDE_SPECIAL,Clay Shooting,DUCK_HUNT___SIDE_SPECIAL.jpg
DUCK_HUNT,UP_SPECIAL,Duck Jump,DUCK_HUNT___UP_SPECIAL.jpg
DUCK_HUNT,DOWN_SPECIAL,Wild Gunman,DUCK_HUNT___DOWN_SPECIAL.jpg
DUCK_HUNT,FINAL_SMASH,NES Zapper Posse,DUCK_HUNT___FINAL_SMASH.png
SNAKE,DOWN_THROW,Silent Takedown,
SNAKE,NEUTRAL_SPECIAL,Hand Grenade,SNAKE___NEUTRAL_SPECIAL.png
SNAKE,SIDE_SPECIAL,Remote Missile,SNAKE___SIDE_SPECIAL.jpg
SNAKE,UP_SPECIAL,Cypher,SNAKE___UP_SPECIAL.jpeg
SNAKE,DOWN_SPECIAL,C4,SNAKE___DOWN_SPECIAL.jpg
SNAKE,FINAL_SMASH,Covering Fire,SNAKE___FINAL_SMASH.png
SONIC,DOWN_AERIAL,Shooting Star Kick,
SONIC,NEUTRAL_SPECIAL,Homing Attack,SONIC___NEUTRAL_SPECIAL.jpeg
SONIC,SIDE_SPECIAL,Spin Dash,SONIC___SIDE_SPECIAL.png
SONIC,UP_SPECIAL,Spring Jump,SONIC___UP_SPECIAL.png
SONIC,DOWN_SPECIAL,Spin Charge,SONIC___DOWN_SPECIAL.jpg
SONIC,FINAL_SMASH,Super Sonic,SONIC___FINAL_SMASH.jpeg
MEGA_MAN,NEUTRAL_ATTACK,Mega Buster,
MEGA_MAN,FORWARD_TILT,Mega Buster,
MEGA_MAN,UP_TILT,Mega Upper,
MEGA_MAN,DOWN_TILT,Sliding,
MEGA_MAN,DASH_ATTACK,Top Spin,
MEGA_MAN,FORWARD_SMASH,Charge Shot,
MEGA_MAN,UP_SMASH,Spark Shock,
MEGA_MAN,DOWN_SMASH,Flame Blast,
MEGA_MAN,NEUTRAL_AERIAL,Mega Buster,
MEGA_MAN,FORWARD_AERIAL,Flame Sword,
MEGA_MAN,BACK_AERIAL,Slash Claw,
MEGA_MAN,UP_AERIAL,Air Shooter,
MEGA_MAN,DOWN_AERIAL,Hard Knuckle,
MEGA_MAN,GRAB,Super Arm,
MEGA_MAN,NEUTRAL_SPECIAL,Metal Blade,MEGA_MAN___NEUTRAL_SPECIAL.jpg
MEGA_MAN,SIDE_SPECIAL,Crash Bomber,MEGA_MAN___SIDE_SPECIAL.jpg
MEGA_MAN,UP_SPECIAL,Rush Coil,MEGA_MAN___UP_SPECIAL.jpg
MEGA_MAN,DOWN_SPECIAL,Leaf Shield,MEGA_MAN___DOWN_SPECIAL.jpg
MEGA_MAN,FINAL_SMASH,Mega Legends,MEGA_MAN___FINAL_SMASH.jpg
PAC_MAN,DASH_ATTACK,PAC Dash Bite,
PAC_MAN,NEUTRAL_SPECIAL,Bonus Fruit,PAC_MAN___NEUTRAL_SPECIAL.jpg
PAC_MAN,SIDE_SPECIAL,Power Pellet,PAC_MAN___SIDE_SPECIAL.jpg
PAC_MAN,UP_SPECIAL,Pac-Jump,PAC_MAN___UP_SPECIAL.jpg
PAC_MAN,DOWN_SPECIAL,Fire Hydrant,PAC_MAN___DOWN_SPECIAL.jpg
PAC_MAN,FINAL_SMASH,Super Pac-Man,PAC_MAN___FINAL_SMASH.jpg
RYU,FORWARD_TILT,Collarbone Breaker (Held),
RYU,DOWN_TILT,Light Ankle Kick (Tapped),
RYU,FORWARD_SMASH,Joudan Sokutogeri,
RYU,FORWARD_AERIAL,Tobigeri,
RYU,UP_AERIAL,Sukui Tsuki,
RYU,DOWN_AERIAL,Straight Punch,
RYU,BACK_THROW,Somersault Throw,
RYU,UP_THROW,Heel Drop,
RYU,NEUTRAL_SPECIAL,Hadoken,RYU___NEUTRAL_SPECIAL.jpg
RYU,SIDE_SPECIAL,Tatsumaki Senpukyaku,RYU___SIDE_SPECIAL.jpg
RYU,UP_SPECIAL,Shoryuken,RYU___UP_SPECIAL.png
RYU,DOWN_SPECIAL,Focus Attack,RYU___DOWN_SPECIAL.jpg
RYU,FINAL_SMASH,Shin Shoryuken / Shinku Hadoken,RYU___FINAL_SMASH.jpg
CLOUD,DOWN_TILT,Sliding,
CLOUD,FORWARD_SMASH,Triple Buster,
CLOUD,DOWN_SMASH,Double Thrust,
CLOUD,FORWARD_AERIAL,Meteor Slash,
CLOUD,NEUTRAL_SPECIAL,Blade Beam,CLOUD___NEUTRAL_SPECIAL.jpeg
CLOUD,SIDE_SPECIAL,Cross Slash,CLOUD___SIDE_SPECIAL.jpg
CLOUD,UP_SPECIAL,Climhazzard,CLOUD___UP_SPECIAL.JPG
CLOUD,DOWN_SPECIAL,Limit Charge,CLOUD___DOWN_SPECIAL.jpg
CLOUD,FINAL_SMASH,Omnislash,CLOUD___FINAL_SMASH.jpg
BAYONETTA,FORWARD_TILT,Consecutive Kicks,
BAYONETTA,DOWN_TILT,Kick Attack,
BAYONETTA,DASH_ATTACK,Stiletto,
BAYONETTA,DOWN_SMASH,Heel Stomp,
BAYONETTA,PUMMEL,Slap Punish Attack,
BAYONETTA,FORWARD_THROW,Tetsuzanko,
BAYONETTA,NEUTRAL_SPECIAL,Bullet Climax,BAYONETTA___NEUTRAL_SPECIAL.jpg
BAYONETTA,SIDE_SPECIAL,Heel Slide/After Burner Kick,BAYONETTA___SIDE_SPECIAL.jpg
BAYONETTA,UP_SPECIAL,Witch Twist,BAYONETTA___UP_SPECIAL.jpg
BAYONETTA,DOWN_SPECIAL,Witch Time,BAYONETTA___DOWN_SPECIAL.jpg
BAYONETTA,FINAL_SMASH,Infernal Climax,BAYONETTA___FINAL_SMASH.jpg
DAISY,UP_SMASH,Ribbon Dance,
DAISY,NEUTRAL_SPECIAL,Toad,DAISY___NEUTRAL_SPECIAL.png
DAISY,SIDE_SPECIAL,Daisy Bomber,DAISY___SIDE_SPECIAL.jpeg
DAISY,UP_SPECIAL,Daisy Parasol,DAISY___UP_SPECIAL.png
DAISY,DOWN_SPECIAL,Vegetable,DAISY___DOWN_SPECIAL.jpg
DAISY,FINAL_SMASH,Daisy Blossom,DAISY___FINAL_SMASH.png
PIRANHA_PLANT,FORWARD_TILT,Push and Pull,
PIRANHA_PLANT,FORWARD_SMASH,Prickly Swing,
PIRANHA_PLANT,BACK_AERIAL,Fire Breath,
PIRANHA_PLANT,DOWN_AERIAL,Flowerpot Meteor,
PIRANHA_PLANT,NEUTRAL_SPECIAL,Ptooie,PIRANHA_PLANT___NEUTRAL_SPECIAL.jpg
PIRANHA_PLANT,SIDE_SPECIAL,Poison Breath,PIRANHA_PLANT___SIDE_SPECIAL.jpg
PIRANHA_PLANT,UP_SPECIAL,Piranhacopter,PIRANHA_PLANT___UP_SPECIAL.jpg
PIRANHA_PLANT,DOWN_SPECIAL,Long-Stem Strike,PIRANHA_PLANT___DOWN_SPECIAL.jpg
PIRANHA_PLANT,FINAL_SMASH,Petey Piranha,PIRANHA_PLANT___FINAL_SMASH.png
KING_K_ROOL,DOWN_THROW,Piledriver,
KING_K_ROOL,NEUTRAL_SPECIAL,Blunderbuss,KING_K_ROOL___NEUTRAL_SPECIAL.jpg
KING_K_ROOL,SIDE_SPECIAL,Crownerang,KING_K_ROOL___SIDE_SPECIAL.jpg
KING_K_ROOL,UP_SPECIAL,Propellerpack,KING_K_ROOL___UP_SPECIAL.jpg
KING_K_ROOL,DOWN_SPECIAL,Gut Check,KING_K_ROOL___DOWN_SPECIAL.jpg
KING_K_ROOL,FINAL_SMASH,Blast-O-Matic,KING_K_ROOL___FINAL_SMASH.png
RIDLEY,NEUTRAL_SPECIAL,Plasma Breath,RIDLEY___NEUTRAL_SPECIAL.jpg
RIDLEY,SIDE_SPECIAL,Space Pirate Rush,RIDLEY___SIDE_SPECIAL.png
RIDLEY,UP_SPECIAL,Wing Blitz,RIDLEY___UP_SPECIAL.jpg
RIDLEY,DOWN_SPECIAL,Skewer,RIDLEY___DOWN_SPECIAL.jpg
RIDLEY,FINAL_SMASH,Plasma Scream,RIDLEY___FINAL_SMASH.gif
DARK_SAMUS,NEUTRAL_ATTACK,Straight and Cannon Hammer,
DARK_SAMUS,GRAB_AERIAL,Grapple Beam,
DARK_SAMUS,GRAB,Grapple Beam,
DARK_SAMUS,NEUTRAL_SPECIAL,Charge Shot,DARK_SAMUS___NEUTRAL_SPECIAL.jpg
DARK_SAMUS,SIDE_SPECIAL,Missile,DARK_SAMUS___SIDE_SPECIAL.jpg
DARK_SAMUS,UP_SPECIAL,Screw Attack,DARK_SAMUS___UP_SPECIAL.jpeg
DARK_SAMUS,DOWN_SPECIAL,Bomb,DARK_SAMUS___DOWN_SPECIAL.jpg
DARK_SAMUS,FINAL_SMASH,Phazon Laser,DARK_SAMUS___FINAL_SMASH.png
INCINEROAR,NEUTRAL_SPECIAL,Darkest Lariat,INCINEROAR___NEUTRAL_SPECIAL.gif
INCINEROAR,SIDE_SPECIAL,Alolan Whip,INCINEROAR___SIDE_SPECIAL.PNG
INCINEROAR,UP_SPECIAL,Cross Chop,INCINEROAR___UP_SPECIAL.gif
INCINEROAR,DOWN_SPECIAL,Revenge,INCINEROAR___DOWN_SPECIAL.jpg
INCINEROAR,FINAL_SMASH,Max Malicious Moonsault,INCINEROAR___FINAL_SMASH.gif
ISABELLE,GRAB,Net,
ISABELLE,NEUTRAL_SPECIAL,Pocket,ISABELLE___NEUTRAL_SPECIAL.gif
ISABELLE,SIDE_SPECIAL,Fishing Rod,ISABELLE___SIDE_SPECIAL.jpg
ISABELLE,UP_SPECIAL,Balloon Trip,ISABELLE___UP_SPECIAL.jpg
ISABELLE,DOWN_SPECIAL,Lloid Trap,ISABELLE___DOWN_SPECIAL.jpg
ISABELLE,FINAL_SMASH,Dream Town Hall,ISABELLE___FINAL_SMASH.png
INKLING,FORWARD_SMASH,Inkbrush,
INKLING,UP_SMASH,Blaster,
INKLING,DOWN_SMASH,Slosher,
INKLING,NEUTRAL_SPECIAL,Splattershot,INKLING___NEUTRAL_SPECIAL.jpg
INKLING,SIDE_SPECIAL,Splat Roller,INKLING___SIDE_SPECIAL.jpg
INKLING,UP_SPECIAL,Super Jump,INKLING___UP_SPECIAL.png
INKLING,DOWN_SPECIAL,Splat Bomb,INKLING___DOWN_SPECIAL.png
INKLING,FINAL_SMASH,Killer Wail,INKLING___FINAL_SMASH.png
KEN,NEUTRAL_ATTACK,Inazuma Kick,
KEN,DOWN_TILT,Light Ankle Kick (tapped),
KEN,BACK_THROW,Hell Wheel,
KEN,NEUTRAL_SPECIAL,Hadoken,KEN___NEUTRAL_SPECIAL.jpg
KEN,SIDE_SPECIAL,Tatsumaki Senpukyaku,KEN___SIDE_SPECIAL.jpg
KEN,UP_SPECIAL,Shoryuken,KEN___UP_SPECIAL.png
KEN,DOWN_SPECIAL,Focus Attack,KEN___DOWN_SPECIAL.jpg
KEN,FINAL_SMASH,Shippu Jinraikyaku / Shinryuken,KEN___FINAL_SMASH.jpg
SIMON,DOWN_TILT,Sliding,
SIMON,DASH_ATTACK,Tackle,
SIMON,DOWN_AERIAL,Jump Kick,
SIMON,NEUTRAL_SPECIAL,Axe,SIMON___NEUTRAL_SPECIAL.png
SIMON,SIDE_SPECIAL,Cross,SIMON___SIDE_SPECIAL.jpg
SIMON,UP_SPECIAL,Uppercut,SIMON___UP_SPECIAL.jpg
SIMON,DOWN_SPECIAL,Holy Water,SIMON___DOWN_SPECIAL.png
SIMON,FINAL_SMASH,Grand Cross,SIMON___FINAL_SMASH.png
RICHTER,DOWN_TILT,Sliding,
RICHTER,NEUTRAL_SPECIAL,Axe,RICHTER___NEUTRAL_SPECIAL.png
RICHTER,SIDE_SPECIAL,Cross,RICHTER___SIDE_SPECIAL.jpg
RICHTER,UP_SPECIAL,Uppercut,RICHTER___UP_SPECIAL.jpg
RICHTER,DOWN_SPECIAL,Holy Water,RICHTER___DOWN_SPECIAL.png
RICHTER,FINAL_SMASH,Grand Cross,RICHTER___FINAL_SMASH.png
JOKER,NEUTRAL_SPECIAL,Gun/Gun Special,JOKER___NEUTRAL_SPECIAL.jpeg
JOKER,SIDE_SPECIAL,Eiha/Eigaon,JOKER___SIDE_SPECIAL.jpeg
JOKER,UP_SPECIAL,Grappling Hook/Wings of Rebellion,JOKER___UP_SPECIAL.jpeg
JOKER,DOWN_SPECIAL,Rebel's Guard/Tetrakarn/Makarakarn,JOKER___DOWN_SPECIAL.jpeg
JOKER,FINAL_SMASH,All-Out Attack,JOKER___FINAL_SMASH.gif
HERO,NEUTRAL_SPECIAL,Frizz/Frizzle/Kafrizz,HERO___NEUTRAL_SPECIAL.jpg
HERO,SIDE_SPECIAL,Zap/Zapple/Kazap,HERO___SIDE_SPECIAL.jpg
HERO,UP_SPECIAL,Woosh/Swoosh/Kaswoosh,HERO___UP_SPECIAL.jpg
HERO,DOWN_SPECIAL,Command Selection,HERO___DOWN_SPECIAL.png
HERO,FINAL_SMASH,Gigaslash,HERO___FINAL_SMASH.jpg
BANJO_AND_KAZOOIE,NEUTRAL_ATTACK,Claw Swipe / Rat-a-Tat Rap,
BANJO_AND_KAZOOIE,FORWARD_TILT,Beak Bayonet,
BANJO_AND_KAZOOIE,DOWN_TILT,Beak Barge,
BANJO_AND_KAZOOIE,DASH_ATTACK,Forward Roll,
BANJO_AND_KAZOOIE,FORWARD_SMASH,Breegull Bash,
BANJO_AND_KAZOOIE,UP_SMASH,Bill Drill,
BANJO_AND_KAZOOIE,NEUTRAL_AERIAL,Twirling Wing Whack,
BANJO_AND_KAZOOIE,BACK_AERIAL,Air Rat-a-Tat Rap,
BANJO_AND_KAZOOIE,DOWN_AERIAL,Beak Buster,
BANJO_AND_KAZOOIE,NEUTRAL_SPECIAL,Egg Firing,BANJO_AND_KAZOOIE___NEUTRAL_SPECIAL.jpg
BANJO_AND_KAZOOIE,SIDE_SPECIAL,Wonderwing,BANJO_AND_KAZOOIE___SIDE_SPECIAL.jpg
BANJO_AND_KAZOOIE,UP_SPECIAL,Shock Spring Jump,BANJO_AND_KAZOOIE___UP_SPECIAL.jpeg
BANJO_AND_KAZOOIE,DOWN_SPECIAL,Rear Egg,BANJO_AND_KAZOOIE___DOWN_SPECIAL.jpg
BANJO_AND_KAZOOIE,FINAL_SMASH,The Mighty Jinjonator,BANJO_AND_KAZOOIE___FINAL_SMASH.jpg
TERRY,NEUTRAL_ATTACK,"Jab, Body Blow, High Kick",
TERRY,FORWARD_TILT,Middle Kick,
TERRY,UP_TILT,Rising Upper,
TERRY,DOWN_TILT,Under Kick,
TERRY,DASH_ATTACK,Power Charge,
TERRY,FORWARD_SMASH,Backspin Kick,
TERRY,UP_SMASH,Wild Upper,
TERRY,DOWN_SMASH,Slide Kick,
TERRY,NEUTRAL_AERIAL,Chop,
TERRY,FORWARD_AERIAL,Jump Kick,
TERRY,BACK_AERIAL,Jump Backward Kick,
TERRY,UP_AERIAL,Somersault Kick,
TERRY,DOWN_AERIAL,Jump Karate Punch,
TERRY,FORWARD_THROW,Buster Throw,
TERRY,BACK_THROW,Buster Throw,
TERRY,UP_THROW,Grasping Upper,
TERRY,DOWN_THROW,Neck Breaker Drop,
TERRY,NEUTRAL_SPECIAL,Power Wave,TERRY___NEUTRAL_SPECIAL.jpg
TERRY,SIDE_SPECIAL,Burning Knuckle/Crack Shoot,TERRY___SIDE_SPECIAL.jpg
TERRY,UP_SPECIAL,Rising Tackle,TERRY___UP_SPECIAL.jpg
TERRY,DOWN_SPECIAL,Power Dunk,TERRY___DOWN_SPECIAL.jpg
TERRY,FINAL_SMASH,Triple Wolf,TERRY___FINAL_SMASH.jpg